filename,url,public_id,format,width,height,size
"modern ,soft,web,computer,coding,illutration,gradient. with text kotacom.id - +6281232109396. (1).jpg",https://res.cloudinary.com/dxyjku3eh/image/upload/v1754963336/image-fallback/modern%20%2Csoft%2Cweb%2Ccomputer%2Ccoding%2Cillutration%2Cgradient.%20with%20text%20kotacom.id%20-%20+6281232109396.%20%281%29.jpg,"image-fallback/modern ,soft,web,computer,coding,illutration,gradient. with text kotacom.id - +6281232109396. (1)",jpg,1472,832,60505
"modern ,soft,web,computer,coding,illutration,gradient. with text kotacom.id - +6281232109396. (2).jpg",https://res.cloudinary.com/dxyjku3eh/image/upload/v1754963336/image-fallback/modern%20%2Csoft%2Cweb%2Ccomputer%2Ccoding%2Cillutration%2Cgradient.%20with%20text%20kotacom.id%20-%20+6281232109396.%20%282%29.jpg,"image-fallback/modern ,soft,web,computer,coding,illutration,gradient. with text kotacom.id - +6281232109396. (2)",jpg,1472,832,75346
"modern ,soft,web,computer,coding,illutration,gradient. with text kotacom.id - +6281232109396. (3).jpg",https://res.cloudinary.com/dxyjku3eh/image/upload/v1754963337/image-fallback/modern%20%2Csoft%2Cweb%2Ccomputer%2Ccoding%2Cillutration%2Cgradient.%20with%20text%20kotacom.id%20-%20+6281232109396.%20%283%29.jpg,"image-fallback/modern ,soft,web,computer,coding,illutration,gradient. with text kotacom.id - +6281232109396. (3)",jpg,1472,832,86287
"modern ,soft,web,computer,coding,illutration,gradient. with text kotacom.id - +6281232109396..jpg",https://res.cloudinary.com/dxyjku3eh/image/upload/v1754963338/image-fallback/modern%20%2Csoft%2Cweb%2Ccomputer%2Ccoding%2Cillutration%2Cgradient.%20with%20text%20kotacom.id%20-%20+6281232109396..jpg,"image-fallback/modern ,soft,web,computer,coding,illutration,gradient. with text kotacom.id - +6281232109396.",jpg,1472,832,75234
"modern ,software,web,computer,coding,illutration,gradient. with text kotacom.id - +6281232109396. (1).jpg",https://res.cloudinary.com/dxyjku3eh/image/upload/v1754963339/image-fallback/modern%20%2Csoftware%2Cweb%2Ccomputer%2Ccoding%2Cillutration%2Cgradient.%20with%20text%20kotacom.id%20-%20+6281232109396.%20%281%29.jpg,"image-fallback/modern ,software,web,computer,coding,illutration,gradient. with text kotacom.id - +6281232109396. (1)",jpg,1472,832,75099
"modern ,software,web,computer,coding,illutration,gradient. with text kotacom.id - +6281232109396. (2).jpg",https://res.cloudinary.com/dxyjku3eh/image/upload/v1754963340/image-fallback/modern%20%2Csoftware%2Cweb%2Ccomputer%2Ccoding%2Cillutration%2Cgradient.%20with%20text%20kotacom.id%20-%20+6281232109396.%20%282%29.jpg,"image-fallback/modern ,software,web,computer,coding,illutration,gradient. with text kotacom.id - +6281232109396. (2)",jpg,1472,832,103457
"modern ,software,web,computer,coding,illutration,gradient. with text kotacom.id - +6281232109396. (3).jpg",https://res.cloudinary.com/dxyjku3eh/image/upload/v1754963340/image-fallback/modern%20%2Csoftware%2Cweb%2Ccomputer%2Ccoding%2Cillutration%2Cgradient.%20with%20text%20kotacom.id%20-%20+6281232109396.%20%283%29.jpg,"image-fallback/modern ,software,web,computer,coding,illutration,gradient. with text kotacom.id - +6281232109396. (3)",jpg,1472,832,76676
"modern ,software,web,computer,coding,illutration,gradient. with text kotacom.id - +6281232109396..jpg",https://res.cloudinary.com/dxyjku3eh/image/upload/v1754963341/image-fallback/modern%20%2Csoftware%2Cweb%2Ccomputer%2Ccoding%2Cillutration%2Cgradient.%20with%20text%20kotacom.id%20-%20+6281232109396..jpg,"image-fallback/modern ,software,web,computer,coding,illutration,gradient. with text kotacom.id - +6281232109396.",jpg,1472,832,127063
"modern web,computer,coding,illutration,gradient. with text kotacom.id - +6281232109396 (1).jpg",https://res.cloudinary.com/dxyjku3eh/image/upload/v1754963342/image-fallback/modern%20web%2Ccomputer%2Ccoding%2Cillutration%2Cgradient.%20with%20text%20kotacom.id%20-%20+6281232109396%20%281%29.jpg,"image-fallback/modern web,computer,coding,illutration,gradient. with text kotacom.id - +6281232109396 (1)",jpg,1472,832,83319
"modern web,computer,coding,illutration,gradient. with text kotacom.id - +6281232109396 (2).jpg",https://res.cloudinary.com/dxyjku3eh/image/upload/v1754963343/image-fallback/modern%20web%2Ccomputer%2Ccoding%2Cillutration%2Cgradient.%20with%20text%20kotacom.id%20-%20+6281232109396%20%282%29.jpg,"image-fallback/modern web,computer,coding,illutration,gradient. with text kotacom.id - +6281232109396 (2)",jpg,1472,832,89363
"modern web,computer,coding,illutration,gradient. with text kotacom.id - +6281232109396 (3).jpg",https://res.cloudinary.com/dxyjku3eh/image/upload/v1754963344/image-fallback/modern%20web%2Ccomputer%2Ccoding%2Cillutration%2Cgradient.%20with%20text%20kotacom.id%20-%20+6281232109396%20%283%29.jpg,"image-fallback/modern web,computer,coding,illutration,gradient. with text kotacom.id - +6281232109396 (3)",jpg,1472,832,113579
"modern web,computer,coding,illutration,gradient. with text kotacom.id - +6281232109396.jpg",https://res.cloudinary.com/dxyjku3eh/image/upload/v1754963344/image-fallback/modern%20web%2Ccomputer%2Ccoding%2Cillutration%2Cgradient.%20with%20text%20kotacom.id%20-%20+6281232109396.jpg,"image-fallback/modern web,computer,coding,illutration,gradient. with text kotacom.id - +6281232109396",jpg,1472,832,99374
"modern web,computer,coding,illutration. with text kotacom.id (1).jpg",https://res.cloudinary.com/dxyjku3eh/image/upload/v1754963345/image-fallback/modern%20web%2Ccomputer%2Ccoding%2Cillutration.%20with%20text%20kotacom.id%20%281%29.jpg,"image-fallback/modern web,computer,coding,illutration. with text kotacom.id (1)",jpg,1472,832,129825
"modern web,computer,coding,illutration. with text kotacom.id (2).jpg",https://res.cloudinary.com/dxyjku3eh/image/upload/v1754963346/image-fallback/modern%20web%2Ccomputer%2Ccoding%2Cillutration.%20with%20text%20kotacom.id%20%282%29.jpg,"image-fallback/modern web,computer,coding,illutration. with text kotacom.id (2)",jpg,1472,832,144109
"modern web,computer,coding,illutration. with text kotacom.id (3).jpg",https://res.cloudinary.com/dxyjku3eh/image/upload/v1754963346/image-fallback/modern%20web%2Ccomputer%2Ccoding%2Cillutration.%20with%20text%20kotacom.id%20%283%29.jpg,"image-fallback/modern web,computer,coding,illutration. with text kotacom.id (3)",jpg,1472,832,105652
"modern web,computer,coding,illutration. with text kotacom.id.jpg",https://res.cloudinary.com/dxyjku3eh/image/upload/v1754963347/image-fallback/modern%20web%2Ccomputer%2Ccoding%2Cillutration.%20with%20text%20kotacom.id.jpg,"image-fallback/modern web,computer,coding,illutration. with text kotacom.id",jpg,1472,832,84737
"modern web,computer,coding. with text kotacom.id (1).jpg",https://res.cloudinary.com/dxyjku3eh/image/upload/v1754963348/image-fallback/modern%20web%2Ccomputer%2Ccoding.%20with%20text%20kotacom.id%20%281%29.jpg,"image-fallback/modern web,computer,coding. with text kotacom.id (1)",jpg,1472,832,52835
"modern web,computer,coding. with text kotacom.id (2).jpg",https://res.cloudinary.com/dxyjku3eh/image/upload/v1754963349/image-fallback/modern%20web%2Ccomputer%2Ccoding.%20with%20text%20kotacom.id%20%282%29.jpg,"image-fallback/modern web,computer,coding. with text kotacom.id (2)",jpg,1472,832,109673
"modern web,computer,coding. with text kotacom.id (3).jpg",https://res.cloudinary.com/dxyjku3eh/image/upload/v1754963349/image-fallback/modern%20web%2Ccomputer%2Ccoding.%20with%20text%20kotacom.id%20%283%29.jpg,"image-fallback/modern web,computer,coding. with text kotacom.id (3)",jpg,1472,832,55741
"modern web,computer,coding. with text kotacom.id.jpg",https://res.cloudinary.com/dxyjku3eh/image/upload/v1754963350/image-fallback/modern%20web%2Ccomputer%2Ccoding.%20with%20text%20kotacom.id.jpg,"image-fallback/modern web,computer,coding. with text kotacom.id",jpg,1472,832,128397
